Lake Clara;Nicholaus Court 12;https://loremflickr.com/640/480/cats?lock=4834506271883264;vanjski;143488580
North Parker;Alda Spur 92;https://loremflickr.com/640/480/cats?lock=8768255346868224;unutarnji;194562474
Ogden;College Avenue 109;https://loremflickr.com/640/480/cats?lock=5732722389549056;vanjski;729302451
New Merritt;Johnson Spur 26;https://loremflickr.com/640/480/cats?lock=2584154189332480;vanjski;166082358
Boganport;Woodlands 133;https://loremflickr.com/640/480/cats?lock=1863933109469184;unutarnji;477657119
Gloriacester;Jennifer Pike 59;https://loremflickr.com/640/480/cats?lock=5517529092980736;vanjski;844684288
North Mikel;Prince Drives 52;https://loremflickr.com/640/480/cats?lock=1222760483258368;unutarnji;371832287
Hagenesview;Corwin Mount 123;https://loremflickr.com/640/480/cats?lock=211506706776064;vanjski;920361063
Elinorechester;W Jefferson Street 32;https://loremflickr.com/640/480/cats?lock=6677117739728896;unutarnji;384976123
Danville;Schowalter Coves 81;https://loremflickr.com/640/480/cats?lock=8677072534765568;unutarnji;737927832
Rockford;14th Street 21;https://loremflickr.com/640/480/cats?lock=267617782726656;vanjski;790713289
Trompshire;Haley Cliff 47;https://loremflickr.com/640/480/cats?lock=8508274882117632;vanjski;848312209
East Phyllis;Waters Knoll 88;https://loremflickr.com/640/480/cats?lock=8686827779129344;unutarnji;133283693
Scotbury;Isaac Parkways 71;https://loremflickr.com/640/480/cats?lock=6182220559548416;unutarnji;469124335
Domenickview;Mount Street 8;https://loremflickr.com/640/480/cats?lock=2201898090233856;vanjski;172681401
Alafaya;Gutmann Path 116;https://loremflickr.com/640/480/cats?lock=1372173711179776;vanjski;185372935
Hammond;Chester Road 110;https://loremflickr.com/640/480/cats?lock=8598204887072768;unutarnji;289428149
Andersonburgh;Brown Ramp 81;https://loremflickr.com/640/480/cats?lock=7877536839106560;vanjski;785350490
Roncester;Xander Via 97;https://loremflickr.com/640/480/cats?lock=6257384714403840;unutarnji;553729182
Brycenstad;Greenholt Walk 86;https://loremflickr.com/640/480/cats?lock=5807145461219328;vanjski;399942414
West Lueview;Kiley Prairie 136;https://loremflickr.com/640/480/cats?lock=5505410593193984;vanjski;796441241
Shieldschester;Darby Walks 119;https://loremflickr.com/640/480/cats?lock=1901588364918784;vanjski;412465740
South Katrineboro;Castle Close 15;https://loremflickr.com/640/480/cats?lock=4456676344201216;unutarnji;191110644
Reingerberg;Mellie Rest 107;https://loremflickr.com/640/480/cats?lock=3663751328825344;unutarnji;499121406
South Ricoton;E 6th Avenue 11;https://loremflickr.com/640/480/cats?lock=6467067664400384;vanjski;123435504
South Allanfort;Schinner Junctions 13;https://loremflickr.com/640/480/cats?lock=2182003256459264;unutarnji;782406662
Linniefurt;W Monroe Street 42;https://loremflickr.com/640/480/cats?lock=939288883625984;unutarnji;494818573
Fort Carlieside;Greenfelder Land 123;https://loremflickr.com/640/480/cats?lock=7369071098068992;vanjski;595855258
Livonia;Howard Road 39;https://loremflickr.com/640/480/cats?lock=1958867193823232;vanjski;330945542
Hortensehaven;Bruen Estate 60;https://loremflickr.com/640/480/cats?lock=6239603400900608;unutarnji;310774539
Birmingham;Memorial Drive 17;https://loremflickr.com/640/480/cats?lock=3677551775973376;unutarnji;579872486
Leoraworth;Ines Skyway 88;https://loremflickr.com/640/480/cats?lock=2608005310840832;vanjski;553180096
Stanfordworth;Gilberto Pike 53;https://loremflickr.com/640/480/cats?lock=1900163939434496;unutarnji;446549970
Fort Jakaylaview;Lodge Lane 14;https://loremflickr.com/640/480/cats?lock=6136967511146496;unutarnji;369648176
Madison;Tressa Green 125;https://loremflickr.com/640/480/cats?lock=2460523264212992;unutarnji;610068121
Fort Florine;W Broadway Avenue 69;https://loremflickr.com/640/480/cats?lock=6876577258274816;vanjski;244662003
Riverside;Schamberger Heights 93;https://loremflickr.com/640/480/cats?lock=3122729586786304;vanjski;771454568
Andrewchester;Larkin Vista 148;https://loremflickr.com/640/480/cats?lock=6786817047134208;vanjski;969750170
Gutmannmouth;Kling Dam 107;https://loremflickr.com/640/480/cats?lock=4776836017946624;vanjski;156188641
Leonorberg;Lemke Light 11;https://loremflickr.com/640/480/cats?lock=2599829840592896;vanjski;724389779
Lake Sidneyfurt;Stroman Plaza 77;https://loremflickr.com/640/480/cats?lock=1941441404207104;unutarnji;394483040
Clementshire;Susanna Corner 93;https://loremflickr.com/640/480/cats?lock=4964032194805760;unutarnji;543202447
New Simeon;School Lane 14;https://loremflickr.com/640/480/cats?lock=5713696651214848;vanjski;165053156
Haltom City;Back Lane 139;https://loremflickr.com/640/480/cats?lock=6025679168602112;unutarnji;463737301
Brownsville;Carleton Course 112;https://loremflickr.com/640/480/cats?lock=6323417370329088;unutarnji;600578511
Hollywood;Mary Street 48;https://loremflickr.com/640/480/cats?lock=7394000499638272;unutarnji;143451119
Columbus;Westley Flat 73;https://loremflickr.com/640/480/cats?lock=1493010671992832;vanjski;945523494
Port Stevecester;Birch Avenue 81;https://loremflickr.com/640/480/cats?lock=1810525207920640;vanjski;863046239
Ankeny;Randi Curve 19;https://loremflickr.com/640/480/cats?lock=7359003399028736;vanjski;354184102
Lake Davin;Marlon Stream 26;https://loremflickr.com/640/480/cats?lock=8249998047182848;vanjski;691197016
Flagstaff;Fermin Hill 27;https://loremflickr.com/640/480/cats?lock=5891561812393984;unutarnji;871651166
Lauriannebury;Hillside Close 47;https://loremflickr.com/640/480/cats?lock=7205918645157888;vanjski;270333429
Beckershire;Lorenz Pass 49;https://loremflickr.com/640/480/cats?lock=8355353622216704;vanjski;696051182
Konopelskiborough;Rau Park 82;https://loremflickr.com/640/480/cats?lock=4212513948303360;vanjski;718038548
Hauckcester;Kavon Parkway 140;https://loremflickr.com/640/480/cats?lock=7025571741564928;unutarnji;610835333
Herzogcester;Otis River 109;https://loremflickr.com/640/480/cats?lock=2268436008796160;vanjski;715119314
Tomasstead;Ottis Mills 64;https://loremflickr.com/640/480/cats?lock=5923182670249984;unutarnji;497294607
Manteca;Koelpin Way 42;https://loremflickr.com/640/480/cats?lock=7890441408086016;vanjski;915212333
Larsoncester;Schmitt Road 61;https://loremflickr.com/640/480/cats?lock=1270391108534272;vanjski;738286407
Cordiastead;1st Avenue 44;https://loremflickr.com/640/480/cats?lock=36139654184960;unutarnji;697670504
Hartford;Armando Spur 69;https://loremflickr.com/640/480/cats?lock=8596949364113408;vanjski;419747558
Lueilwitzhaven;Margie Fork 13;https://loremflickr.com/640/480/cats?lock=1128922318110720;vanjski;699588217
Sanfordbury;Schaden Village 55;https://loremflickr.com/640/480/cats?lock=7374122000580608;unutarnji;823950006
Savannah;E 3rd Street 70;https://loremflickr.com/640/480/cats?lock=1584841262891008;unutarnji;671406135
Kuhnland;Carlee Bypass 2;https://loremflickr.com/640/480/cats?lock=7667914259824640;vanjski;575663327
Dickensstad;Tromp Station 67;https://loremflickr.com/640/480/cats?lock=8843165167517696;unutarnji;854807848
San Jose;Forest Avenue 11;https://loremflickr.com/640/480/cats?lock=4789222445678592;vanjski;590806693
Peteborough;Korey Curve 82;https://loremflickr.com/640/480/cats?lock=4352182629433344;vanjski;857877990
Torpville;Kristoffer Camp 117;https://loremflickr.com/640/480/cats?lock=3916228320034816;unutarnji;997000988
South Lonzostead;Kub Wells 136;https://loremflickr.com/640/480/cats?lock=4489998220918784;vanjski;386413728
West Beaufield;Marlborough Road 80;https://loremflickr.com/640/480/cats?lock=3318786149056512;vanjski;694679743
West Lydia;Reilly Mews 96;https://loremflickr.com/640/480/cats?lock=510795867750400;unutarnji;278039327
East Winston;Herman Isle 47;https://loremflickr.com/640/480/cats?lock=2490744849825792;vanjski;760844883
Davisfurt;Tiara Ramp 64;https://loremflickr.com/640/480/cats?lock=3394927935356928;unutarnji;242426869
New Blairbury;1st Avenue 121;https://loremflickr.com/640/480/cats?lock=7856361280897024;unutarnji;801178301
Taliafurt;East Avenue 99;https://loremflickr.com/640/480/cats?lock=285640384053248;unutarnji;601086891
West Brain;Hand Islands 4;https://loremflickr.com/640/480/cats?lock=8280862346969088;vanjski;456341642
Granvillemouth;The Orchard 4;https://loremflickr.com/640/480/cats?lock=5533159097630720;vanjski;234901037
Fort Javonland;Kyla Key 116;https://loremflickr.com/640/480/cats?lock=3682644713799680;vanjski;199253505
Haagfurt;Cartwright Highway 130;https://loremflickr.com/640/480/cats?lock=5441338099105792;vanjski;449813963
Treutelton;Halvorson Rest 141;https://loremflickr.com/640/480/cats?lock=3552720684318720;vanjski;944407089
Fort Jimmiestad;Gladstone Road 22;https://loremflickr.com/640/480/cats?lock=8715371236294656;unutarnji;217871322
East Agustinafort;Aileen Bridge 131;https://loremflickr.com/640/480/cats?lock=8322712476844032;vanjski;161534198
Surprise;Wilkinson Drive 73;https://loremflickr.com/640/480/cats?lock=3476220876423168;vanjski;139898135
East Neomaboro;Pine Grove 57;https://loremflickr.com/640/480/cats?lock=6960781025345536;unutarnji;550361943
Lake Margarettemouth;Wyman Circle 120;https://loremflickr.com/640/480/cats?lock=4185424247390208;unutarnji;784212503
North Tiana;Anabel Hill 44;https://loremflickr.com/640/480/cats?lock=8524766545707008;vanjski;485965492
Port Garret;Moss Lane 2;https://loremflickr.com/640/480/cats?lock=6501155697852416;vanjski;207123663
New Peterberg;Halvorson Burg 81;https://loremflickr.com/640/480/cats?lock=5108461272563712;vanjski;765238496
West Oma;Yost Streets 84;https://loremflickr.com/640/480/cats?lock=6793716337475584;vanjski;733070480
Lake Gisselle;Marvin Loaf 20;https://loremflickr.com/640/480/cats?lock=3493724531195904;vanjski;812380390
Trenton;Green Close 101;https://loremflickr.com/640/480/cats?lock=1757200380854272;unutarnji;771807494
Provo;Well Lane 56;https://loremflickr.com/640/480/cats?lock=2094391208443904;vanjski;301004197
East Celestine;Geovanny Creek 35;https://loremflickr.com/640/480/cats?lock=2212022852780032;unutarnji;971394796
Houston;Kohler Estates 71;https://loremflickr.com/640/480/cats?lock=7092170471243776;vanjski;719415683
Morarstad;Obie Creek 82;https://loremflickr.com/640/480/cats?lock=8914142400348160;unutarnji;164245836
Port Devinbury;Casper Brooks 144;https://loremflickr.com/640/480/cats?lock=8327741759815680;vanjski;772025332
Wolfville;Dejon Keys 42;https://loremflickr.com/640/480/cats?lock=7797916607447040;unutarnji;852671330
Kirlinworth;Chestnut Close 119;https://loremflickr.com/640/480/cats?lock=6050275439673344;vanjski;127525824
Keeganhaven;E 7th Street 113;https://loremflickr.com/640/480/cats?lock=786480966402048;unutarnji;937647885
Lake Jessyca;Buckridge Green 9;https://loremflickr.com/640/480/cats?lock=4844603496726528;vanjski;909178746
Rialto;N Broad Street 149;https://loremflickr.com/640/480/cats?lock=7219478622371840;vanjski;136200117
Fayetteville;N Main Avenue 22;https://loremflickr.com/640/480/cats?lock=3834180714627072;unutarnji;736890661
East Frank;Reuben Rapid 49;https://loremflickr.com/640/480/cats?lock=8941068124946432;unutarnji;634814834
Adolphfort;Haley Causeway 133;https://loremflickr.com/640/480/cats?lock=1666146388410368;unutarnji;615540914
Port Jettie;Grove Lane 117;https://loremflickr.com/640/480/cats?lock=1929035986763776;vanjski;786018526
Brakuscester;Hane Freeway 44;https://loremflickr.com/640/480/cats?lock=1652467238436864;unutarnji;119211248
Melisaton;Weissnat Valleys 3;https://loremflickr.com/640/480/cats?lock=1459806734909440;unutarnji;111790050
Lake Havasu City;Audrey Square 21;https://loremflickr.com/640/480/cats?lock=3461282950807552;unutarnji;615437574
Hayward;Schmidt Fork 15;https://loremflickr.com/640/480/cats?lock=4766608241197056;vanjski;951788911
Abshireville;W Maple Street 39;https://loremflickr.com/640/480/cats?lock=2277031358234624;unutarnji;818252458
Cheyennemouth;Martin Luther King Jr Boulevard 119;https://loremflickr.com/640/480/cats?lock=2194088094859264;vanjski;676391399
Eltaville;Church Lane 48;https://loremflickr.com/640/480/cats?lock=7221132757303296;vanjski;169248185
South Concepcion;The Woodlands 99;https://loremflickr.com/640/480/cats?lock=7889015009181696;vanjski;611158114
Fort Valerieland;E Church Street 35;https://loremflickr.com/640/480/cats?lock=7919683487399936;unutarnji;955145576
Belleport;Hillside Road 11;https://loremflickr.com/640/480/cats?lock=2907826968068096;vanjski;771393335
Naderhaven;Rosenbaum Forge 53;https://loremflickr.com/640/480/cats?lock=238037753659392;unutarnji;878484820
Port Clarkbury;Morar Estate 97;https://loremflickr.com/640/480/cats?lock=5893438289477632;unutarnji;828233723
West Arliecester;McCullough Shore 91;https://loremflickr.com/640/480/cats?lock=7006197999730688;unutarnji;456511193
North Lera;Feest Views 108;https://loremflickr.com/640/480/cats?lock=859838804393984;unutarnji;193462336
Cincinnati;Kuhn Cove 119;https://loremflickr.com/640/480/cats?lock=1626052203905024;unutarnji;905408321
Madysonmouth;Streich Plain 115;https://loremflickr.com/640/480/cats?lock=7317458614484992;vanjski;987797701
Casperland;Stark Drives 42;https://loremflickr.com/640/480/cats?lock=3079595035197440;unutarnji;720285059
Perth Amboy;Marques Parkway 32;https://loremflickr.com/640/480/cats?lock=1025898086137856;unutarnji;681487616
Bartellport;Middle Street 134;https://loremflickr.com/640/480/cats?lock=8365111414620160;vanjski;377718626
Kristown;Schuster Spring 1;https://loremflickr.com/640/480/cats?lock=8027598042955776;vanjski;338417362
Mayertfort;Friesen Center 97;https://loremflickr.com/640/480/cats?lock=2674975169314816;unutarnji;333687503
Runolfsdottirbury;Abigale Pines 57;https://loremflickr.com/640/480/cats?lock=6194847593529344;vanjski;259035874
Alfland;Moss Lane 53;https://loremflickr.com/640/480/cats?lock=5437870647017472;vanjski;994850953
North Tressa;Sydni Knoll 110;https://loremflickr.com/640/480/cats?lock=6309791102140416;unutarnji;952057396
South Hailey;Cameron Plain 148;https://loremflickr.com/640/480/cats?lock=8536902848217088;vanjski;206557417
Brannonberg;Dickens Lake 120;https://loremflickr.com/640/480/cats?lock=2052008781545472;vanjski;809519147
Conroyside;Raegan Field 134;https://loremflickr.com/640/480/cats?lock=7297765197479936;unutarnji;166802624
Toyburgh;The Maltings 21;https://loremflickr.com/640/480/cats?lock=2991402306764800;unutarnji;259683630
Littlefield;Jess Alley 59;https://loremflickr.com/640/480/cats?lock=1643438816624640;unutarnji;286797109
Nolanchester;Kub Throughway 88;https://loremflickr.com/640/480/cats?lock=2323877982109696;vanjski;938139225
Moreno Valley;Tess Stravenue 7;https://loremflickr.com/640/480/cats?lock=41276508471296;unutarnji;711326913
New Alysha;Lysanne Drives 64;https://loremflickr.com/640/480/cats?lock=2277968831315968;unutarnji;221922895
Lake Yolanda;Doyle Dale 63;https://loremflickr.com/640/480/cats?lock=1770329049399296;unutarnji;516082481
Devenland;Marcel Locks 26;https://loremflickr.com/640/480/cats?lock=3961156358111232;unutarnji;225406183
Wittingboro;Rippin Points 124;https://loremflickr.com/640/480/cats?lock=5184413281288192;unutarnji;212152725
O'Keefeshire;Krystina Extensions 36;https://loremflickr.com/640/480/cats?lock=8317772926812160;vanjski;158141189
South Roxane;Mac Cape 34;https://loremflickr.com/640/480/cats?lock=7877133323993088;unutarnji;491178477
North Milton;Hailie Corners 40;https://loremflickr.com/640/480/cats?lock=2466794371547136;unutarnji;808075942
Haneburgh;Shyanne Station 90;https://loremflickr.com/640/480/cats?lock=8570245562236928;unutarnji;142984370
Enterprise;Carter Center 46;https://loremflickr.com/640/480/cats?lock=530982113378304;vanjski;478760877
Langboro;Christiansen Wells 54;https://loremflickr.com/640/480/cats?lock=3671994274938880;vanjski;647304596
New Greg;Quitzon Parks 43;https://loremflickr.com/640/480/cats?lock=2997214158782464;unutarnji;503443354
South Joaquinshire;Julio Village 82;https://loremflickr.com/640/480/cats?lock=2825950106484736;vanjski;730214542
Kochburgh;Stracke Overpass 19;https://loremflickr.com/640/480/cats?lock=7831473673469952;unutarnji;841974949
Palm Coast;Fourth Avenue 133;https://loremflickr.com/640/480/cats?lock=2800839643103232;unutarnji;297633447
Fort Brooksville;Fritz Rapids 139;https://loremflickr.com/640/480/cats?lock=4406704452141056;unutarnji;281126522
Mayaguez;Stevie Shore 114;https://loremflickr.com/640/480/cats?lock=3057438943084544;unutarnji;354724284
Ricefort;Genevieve Land 2;https://loremflickr.com/640/480/cats?lock=2585790724964352;unutarnji;576555674
Freedaport;Aufderhar Courts 18;https://loremflickr.com/640/480/cats?lock=8060436442251264;unutarnji;859019421
Bergnaumfield;Field Close 90;https://loremflickr.com/640/480/cats?lock=3958697139109888;vanjski;579574155
Borerhaven;Oberbrunner Causeway 89;https://loremflickr.com/640/480/cats?lock=8059510811787264;unutarnji;122258315
North Roderick;Jerde Mountain 47;https://loremflickr.com/640/480/cats?lock=8821540109942784;unutarnji;664359019
Victorville;Cow Lane 56;https://loremflickr.com/640/480/cats?lock=240588817432576;vanjski;503367979
Franeckihaven;N Main Street 127;https://loremflickr.com/640/480/cats?lock=5505151529910272;vanjski;845098104
East Jeffry;Aspen Close 150;https://loremflickr.com/640/480/cats?lock=4796611788013568;vanjski;413534744
East Hartford;E Elm Street 98;https://loremflickr.com/640/480/cats?lock=5880604734259200;unutarnji;804942925
Kutchland;Kuhlman Cove 99;https://loremflickr.com/640/480/cats?lock=6819878533070848;vanjski;919516188
Nellaville;Jasen Crossroad 137;https://loremflickr.com/640/480/cats?lock=1147909634523136;vanjski;956444557
Hillsboro;W Pine Street 128;https://loremflickr.com/640/480/cats?lock=4950088138883072;unutarnji;419823280
Uptonview;Kory Street 33;https://loremflickr.com/640/480/cats?lock=3803692627132416;unutarnji;781443585
Los Angeles;7th Street 71;https://loremflickr.com/640/480/cats?lock=4695840021020672;vanjski;391110604
Lake Carmenbury;Kamille Route 147;https://loremflickr.com/640/480/cats?lock=5966932463321088;unutarnji;748734889
Kuphalfield;Batz Crescent 138;https://loremflickr.com/640/480/cats?lock=5899075438247936;unutarnji;570217595
Dachfield;Cathrine Walks 72;https://loremflickr.com/640/480/cats?lock=7763290826473472;unutarnji;392121219
Fort Vivacester;Cedar Close 80;https://loremflickr.com/640/480/cats?lock=8921270477389824;vanjski;209241662
Virginiatown;Heller Ramp 138;https://loremflickr.com/640/480/cats?lock=8986710249570304;vanjski;824792442
Cristview;Chestnut Street 98;https://loremflickr.com/640/480/cats?lock=2944513611923456;unutarnji;530288234
Lake Kaylahfurt;Hammes Streets 94;https://loremflickr.com/640/480/cats?lock=3199687161020416;unutarnji;979144694
Boganberg;Schultz Summit 7;https://loremflickr.com/640/480/cats?lock=7670477315112960;vanjski;495603586
Samanthaview;Willis Views 89;https://loremflickr.com/640/480/cats?lock=3732230583091200;vanjski;527865326
Fisherstad;Glover Run 26;https://loremflickr.com/640/480/cats?lock=6588186618757120;vanjski;281111510
East Antonio;Ana Causeway 131;https://loremflickr.com/640/480/cats?lock=7074207213027328;unutarnji;979271039
Fort Ernabury;Larch Close 67;https://loremflickr.com/640/480/cats?lock=7753260328812544;vanjski;826155156
Port Zola;Springfield Road 137;https://loremflickr.com/640/480/cats?lock=1545822093180928;unutarnji;654483401
Killeen;Monique Corners 89;https://loremflickr.com/640/480/cats?lock=7933279485296640;vanjski;682178303
Palm Coast;Commercial Road 19;https://loremflickr.com/640/480/cats?lock=7301418903928832;unutarnji;617358043
Rolandoview;Martine Gardens 113;https://loremflickr.com/640/480/cats?lock=6524286122590208;vanjski;143294350
South Hebercester;Dicki Pass 114;https://loremflickr.com/640/480/cats?lock=2689917410869248;vanjski;290429217
Lake Abby;Ebert Avenue 117;https://loremflickr.com/640/480/cats?lock=5658030777565184;unutarnji;769474959
Enid;Jenkins Ridges 4;https://loremflickr.com/640/480/cats?lock=812606520557568;vanjski;177963266
Skilesfort;Shanahan Common 149;https://loremflickr.com/640/480/cats?lock=7014986593337344;unutarnji;542017341
Port Reid;The Beeches 31;https://loremflickr.com/640/480/cats?lock=2892075785781248;unutarnji;605427238
West Malloryburgh;Center Avenue 73;https://loremflickr.com/640/480/cats?lock=7706197385805824;vanjski;905195458
Jerodchester;Richmond Road 139;https://loremflickr.com/640/480/cats?lock=5502848695533568;unutarnji;190842722
Port Naomi;German Gateway 124;https://loremflickr.com/640/480/cats?lock=1031105310359552;vanjski;969660043
West Mario;Quitzon Shoals 33;https://loremflickr.com/640/480/cats?lock=5872255911329792;vanjski;469268421
South Bonnie;The Avenue 71;https://loremflickr.com/640/480/cats?lock=1651440261005312;unutarnji;645143176
Kentonboro;Selmer Radial 69;https://loremflickr.com/640/480/cats?lock=1889289606529024;unutarnji;671322559
